Model,Val_MAE,Val_RMSE,Val_MAPE,Test_MAE,Test_RMSE,Test_MAPE
ARIMA,9.567048415516044,11.416735101545,247.3591818743199,12.174883586340075,14.402427041873185,116.78008482548718
Prophet,3.498455831792844,4.417094264212222,280.4081551342232,3.563812407792164,4.610675250033446,235.95301504266493
Baseline (Persistence),10.954967326958105,13.144416441178585,129.66834423124874,12.092152795464193,14.27564075983232,124.6915376331166
